{"cameraMode":{"drawMode":0,"name":"Shaded","section":"Shading Mode"},"sceneLighting":false,"audioPlay":false,"sceneViewState":{"showFog":true,"showMaterialUpdate":false,"showSkybox":false,"showFlares":true,"showImageEffects":true,"showParticleSystems":true},"in2DMode":false,"pivot":{"x":-0.5423007011413574,"y":1.600184679031372,"z":0.03924325481057167},"rotation":{"x":-0.17941389977931977,"y":-0.7647141814231873,"z":0.24059179425239564,"w":-0.5702959895133972},"size":2.3334522247314455,"orthographic":false}