{"cameraMode":{"drawMode":0,"name":"Shaded","section":"Shading Mode"},"sceneLighting":false,"audioPlay":false,"sceneViewState":{"showFog":true,"showMaterialUpdate":false,"showSkybox":false,"showFlares":true,"showImageEffects":true,"showParticleSystems":true},"in2DMode":false,"pivot":{"x":15.180025100708008,"y":-14.226412773132325,"z":-0.5338799953460693},"rotation":{"x":0.26236048340797427,"y":0.6731888651847839,"z":-0.2793891429901123,"w":0.6324795484542847},"size":23.334524154663087,"orthographic":false}