{"cameraMode":{"drawMode":0,"name":"Shaded","section":"Shading Mode"},"sceneLighting":false,"audioPlay":false,"sceneViewState":{"showFog":true,"showMaterialUpdate":false,"showSkybox":false,"showFlares":true,"showImageEffects":true,"showParticleSystems":true,"showVisualEffectGraphs":true,"m_FxEnabled":true},"in2DMode":false,"pivot":{"x":-0.5949468612670898,"y":2.7197959423065187,"z":3.3386847972869875},"rotation":{"x":0.02016681246459484,"y":0.9448609948158264,"z":-0.3229145109653473,"w":0.05418035015463829},"size":0.26023250818252566,"orthographic":false}