{"cameraMode":{"drawMode":0,"name":"Shaded","section":"Shading Mode"},"sceneLighting":false,"audioPlay":false,"sceneViewState":{"showFog":true,"showMaterialUpdate":false,"showSkybox":false,"showFlares":true,"showImageEffects":true,"showParticleSystems":true,"showVisualEffectGraphs":true,"m_FxEnabled":true},"in2DMode":false,"pivot":{"x":-0.23921281099319459,"y":0.6110646724700928,"z":1.50724458694458},"rotation":{"x":0.021177003160119058,"y":0.9353539943695068,"z":-0.3497406840324402,"w":0.052181027829647067},"size":0.26023250818252566,"orthographic":false}