{"cameraMode":{"drawMode":0,"name":"Shaded","section":"Shading Mode"},"sceneLighting":false,"audioPlay":false,"sceneViewState":{"showFog":true,"showMaterialUpdate":false,"showSkybox":false,"showFlares":true,"showImageEffects":true,"showParticleSystems":true,"showVisualEffectGraphs":true,"m_FxEnabled":true},"in2DMode":false,"pivot":{"x":-0.7284104824066162,"y":1.0374830961227418,"z":0.651511013507843},"rotation":{"x":0.059185829013586047,"y":0.8982134461402893,"z":-0.41814443469047549,"w":0.12346095591783524},"size":0.26023250818252566,"orthographic":false}