{"cameraMode":{"drawMode":0,"name":"Shaded","section":"Shading Mode"},"sceneLighting":false,"audioPlay":false,"sceneViewState":{"showFog":true,"showMaterialUpdate":false,"showSkybox":false,"showFlares":true,"showImageEffects":true,"showParticleSystems":true,"showVisualEffectGraphs":true,"m_FxEnabled":true},"in2DMode":false,"pivot":{"x":0.6040216088294983,"y":4.609643936157227,"z":3.110856771469116},"rotation":{"x":0.17924106121063233,"y":0.08516111224889755,"z":-0.015586381778120995,"w":0.9800122380256653},"size":3.2041854858398439,"orthographic":false}