{"cameraMode":{"drawMode":0,"name":"Shaded","section":"Shading Mode"},"sceneLighting":false,"audioPlay":false,"sceneViewState":{"showFog":true,"showMaterialUpdate":false,"showSkybox":false,"showFlares":true,"showImageEffects":true,"showParticleSystems":true,"showVisualEffectGraphs":true,"m_FxEnabled":true},"in2DMode":false,"pivot":{"x":-0.26947519183158877,"y":0.15351837873458863,"z":-0.45973289012908938},"rotation":{"x":0.19727610051631928,"y":-0.672846794128418,"z":0.19340211153030396,"w":0.6862953901290894},"size":1.2247449159622193,"orthographic":false}