{"cameraMode":{"drawMode":0,"name":"Shaded","section":"Shading Mode"},"sceneLighting":false,"audioPlay":false,"sceneViewState":{"showFog":true,"showMaterialUpdate":false,"showSkybox":false,"showFlares":true,"showImageEffects":true,"showParticleSystems":true,"showVisualEffectGraphs":true,"m_FxEnabled":true},"in2DMode":false,"pivot":{"x":-0.6450045108795166,"y":-8.72157096862793,"z":13.884309768676758},"rotation":{"x":-0.27096426486968996,"y":0.026554105803370477,"z":-0.0074807568453252319,"w":-0.9622024893760681},"size":12.08967399597168,"orthographic":false}