{"cameraMode":{"drawMode":0,"name":"Shaded","section":"Shading Mode"},"sceneLighting":false,"audioPlay":false,"sceneViewState":{"showFog":true,"showMaterialUpdate":false,"showSkybox":false,"showFlares":true,"showImageEffects":true,"showParticleSystems":true,"showVisualEffectGraphs":true,"m_FxEnabled":true},"in2DMode":false,"pivot":{"x":-0.6697270274162293,"y":-1.9336206912994385,"z":13.4379243850708},"rotation":{"x":-0.07193464040756226,"y":0.009566128253936768,"z":-0.0006912040989845991,"w":-0.9973708987236023},"size":12.08967399597168,"orthographic":false}