{"cameraMode":{"drawMode":0,"name":"Shaded","section":"Shading Mode"},"sceneLighting":true,"audioPlay":false,"sceneViewState":{"showFog":true,"showMaterialUpdate":false,"showSkybox":true,"showFlares":true,"showImageEffects":true,"showParticleSystems":true,"showVisualEffectGraphs":true,"m_FxEnabled":true},"in2DMode":false,"pivot":{"x":-1.4178218841552735,"y":-4.168501377105713,"z":0.4793815314769745},"rotation":{"x":-0.5102688670158386,"y":0.04786909744143486,"z":-0.028581758961081506,"w":-0.8582582473754883},"size":10.407719612121582,"orthographic":false}