{"cameraMode":{"drawMode":0,"name":"Shaded","section":"Shading Mode"},"sceneLighting":true,"audioPlay":false,"sceneViewState":{"showFog":true,"showMaterialUpdate":false,"showSkybox":true,"showFlares":true,"showImageEffects":true,"showParticleSystems":true,"showVisualEffectGraphs":true,"m_FxEnabled":true},"in2DMode":false,"pivot":{"x":0.5103145241737366,"y":5.098827838897705,"z":-26.348623275756837},"rotation":{"x":0.19556038081645966,"y":-0.01001892052590847,"z":0.0015419836854562164,"w":0.9807677268981934},"size":25.59113883972168,"orthographic":false}